<?xml version="1.0" encoding="UTF-8"?>
<project-private xmlns="http://www.netbeans.org/ns/project-private/1">
    <editor-bookmarks xmlns="http://www.netbeans.org/ns/editor-bookmarks/2" lastBookmarkId="0"/>
    <open-files xmlns="http://www.netbeans.org/ns/projectui-open-files/2">
        <group>
            <file>file:/C:/Users/Ivans/Desktop/Battleship%20V5%20-%20edited/public_html/play.html</file>
            <file>file:/C:/Users/Ivans/Desktop/Battleship%20V5%20-%20edited/public_html/index.html</file>
            <file>file:/C:/Users/Ivans/Desktop/Battleship%20V5%20-%20edited/public_html/css/play.css</file>
            <file>file:/C:/Users/Ivans/Desktop/Battleship%20V5%20-%20edited/public_html/css/credits.css</file>
            <file>file:/C:/Users/Ivans/Desktop/Battleship%20V5%20-%20edited/public_html/rules.html</file>
            <file>file:/C:/Users/Ivans/Desktop/Battleship%20V5%20-%20edited/public_html/credits.html</file>
        </group>
    </open-files>
</project-private>
